--
-- PostgreSQL database dump
--

-- Dumped from database version 10.7 (Debian 10.7-1.pgdg90+1)
-- Dumped by pg_dump version 10.7 (Debian 10.7-1.pgdg90+1)

SET statement_timeout = 0;
SET lock_timeout = 0;
SET idle_in_transaction_session_timeout = 0;
SET client_encoding = 'UTF8';
SET standard_conforming_strings = on;
SELECT pg_catalog.set_config('search_path', '', false);
SET check_function_bodies = false;
SET client_min_messages = warning;
SET row_security = off;

--
-- Name: plpgsql; Type: EXTENSION; Schema: -; Owner: 
--

CREATE EXTENSION IF NOT EXISTS plpgsql WITH SCHEMA pg_catalog;


--
-- Name: EXTENSION plpgsql; Type: COMMENT; Schema: -; Owner: 
--

COMMENT ON EXTENSION plpgsql IS 'PL/pgSQL procedural language';


SET default_tablespace = '';

SET default_with_oids = false;

--
-- Name: auth_group; Type: TABLE; Schema: public; Owner: kous
--

CREATE TABLE public.auth_group (
    id integer NOT NULL,
    name character varying(80) NOT NULL
);


ALTER TABLE public.auth_group OWNER TO kous;

--
-- Name: auth_group_id_seq; Type: SEQUENCE; Schema: public; Owner: kous
--

CREATE SEQUENCE public.auth_group_id_seq
    AS integer
    START WITH 1
    INCREMENT BY 1
    NO MINVALUE
    NO MAXVALUE
    CACHE 1;


ALTER TABLE public.auth_group_id_seq OWNER TO kous;

--
-- Name: auth_group_id_seq; Type: SEQUENCE OWNED BY; Schema: public; Owner: kous
--

ALTER SEQUENCE public.auth_group_id_seq OWNED BY public.auth_group.id;


--
-- Name: auth_group_permissions; Type: TABLE; Schema: public; Owner: kous
--

CREATE TABLE public.auth_group_permissions (
    id integer NOT NULL,
    group_id integer NOT NULL,
    permission_id integer NOT NULL
);


ALTER TABLE public.auth_group_permissions OWNER TO kous;

--
-- Name: auth_group_permissions_id_seq; Type: SEQUENCE; Schema: public; Owner: kous
--

CREATE SEQUENCE public.auth_group_permissions_id_seq
    AS integer
    START WITH 1
    INCREMENT BY 1
    NO MINVALUE
    NO MAXVALUE
    CACHE 1;


ALTER TABLE public.auth_group_permissions_id_seq OWNER TO kous;

--
-- Name: auth_group_permissions_id_seq; Type: SEQUENCE OWNED BY; Schema: public; Owner: kous
--

ALTER SEQUENCE public.auth_group_permissions_id_seq OWNED BY public.auth_group_permissions.id;


--
-- Name: auth_permission; Type: TABLE; Schema: public; Owner: kous
--

CREATE TABLE public.auth_permission (
    id integer NOT NULL,
    name character varying(255) NOT NULL,
    content_type_id integer NOT NULL,
    codename character varying(100) NOT NULL
);


ALTER TABLE public.auth_permission OWNER TO kous;

--
-- Name: auth_permission_id_seq; Type: SEQUENCE; Schema: public; Owner: kous
--

CREATE SEQUENCE public.auth_permission_id_seq
    AS integer
    START WITH 1
    INCREMENT BY 1
    NO MINVALUE
    NO MAXVALUE
    CACHE 1;


ALTER TABLE public.auth_permission_id_seq OWNER TO kous;

--
-- Name: auth_permission_id_seq; Type: SEQUENCE OWNED BY; Schema: public; Owner: kous
--

ALTER SEQUENCE public.auth_permission_id_seq OWNED BY public.auth_permission.id;


--
-- Name: auth_user; Type: TABLE; Schema: public; Owner: kous
--

CREATE TABLE public.auth_user (
    id integer NOT NULL,
    password character varying(128) NOT NULL,
    last_login timestamp with time zone,
    is_superuser boolean NOT NULL,
    username character varying(150) NOT NULL,
    first_name character varying(30) NOT NULL,
    last_name character varying(150) NOT NULL,
    email character varying(254) NOT NULL,
    is_staff boolean NOT NULL,
    is_active boolean NOT NULL,
    date_joined timestamp with time zone NOT NULL
);


ALTER TABLE public.auth_user OWNER TO kous;

--
-- Name: auth_user_groups; Type: TABLE; Schema: public; Owner: kous
--

CREATE TABLE public.auth_user_groups (
    id integer NOT NULL,
    user_id integer NOT NULL,
    group_id integer NOT NULL
);


ALTER TABLE public.auth_user_groups OWNER TO kous;

--
-- Name: auth_user_groups_id_seq; Type: SEQUENCE; Schema: public; Owner: kous
--

CREATE SEQUENCE public.auth_user_groups_id_seq
    AS integer
    START WITH 1
    INCREMENT BY 1
    NO MINVALUE
    NO MAXVALUE
    CACHE 1;


ALTER TABLE public.auth_user_groups_id_seq OWNER TO kous;

--
-- Name: auth_user_groups_id_seq; Type: SEQUENCE OWNED BY; Schema: public; Owner: kous
--

ALTER SEQUENCE public.auth_user_groups_id_seq OWNED BY public.auth_user_groups.id;


--
-- Name: auth_user_id_seq; Type: SEQUENCE; Schema: public; Owner: kous
--

CREATE SEQUENCE public.auth_user_id_seq
    AS integer
    START WITH 1
    INCREMENT BY 1
    NO MINVALUE
    NO MAXVALUE
    CACHE 1;


ALTER TABLE public.auth_user_id_seq OWNER TO kous;

--
-- Name: auth_user_id_seq; Type: SEQUENCE OWNED BY; Schema: public; Owner: kous
--

ALTER SEQUENCE public.auth_user_id_seq OWNED BY public.auth_user.id;


--
-- Name: auth_user_user_permissions; Type: TABLE; Schema: public; Owner: kous
--

CREATE TABLE public.auth_user_user_permissions (
    id integer NOT NULL,
    user_id integer NOT NULL,
    permission_id integer NOT NULL
);


ALTER TABLE public.auth_user_user_permissions OWNER TO kous;

--
-- Name: auth_user_user_permissions_id_seq; Type: SEQUENCE; Schema: public; Owner: kous
--

CREATE SEQUENCE public.auth_user_user_permissions_id_seq
    AS integer
    START WITH 1
    INCREMENT BY 1
    NO MINVALUE
    NO MAXVALUE
    CACHE 1;


ALTER TABLE public.auth_user_user_permissions_id_seq OWNER TO kous;

--
-- Name: auth_user_user_permissions_id_seq; Type: SEQUENCE OWNED BY; Schema: public; Owner: kous
--

ALTER SEQUENCE public.auth_user_user_permissions_id_seq OWNED BY public.auth_user_user_permissions.id;


--
-- Name: boutique_categorie_mere; Type: TABLE; Schema: public; Owner: kous
--

CREATE TABLE public.boutique_categorie_mere (
    id integer NOT NULL,
    nom character varying(40) NOT NULL
);


ALTER TABLE public.boutique_categorie_mere OWNER TO kous;

--
-- Name: boutique_categorie_mere_id_seq; Type: SEQUENCE; Schema: public; Owner: kous
--

CREATE SEQUENCE public.boutique_categorie_mere_id_seq
    AS integer
    START WITH 1
    INCREMENT BY 1
    NO MINVALUE
    NO MAXVALUE
    CACHE 1;


ALTER TABLE public.boutique_categorie_mere_id_seq OWNER TO kous;

--
-- Name: boutique_categorie_mere_id_seq; Type: SEQUENCE OWNED BY; Schema: public; Owner: kous
--

ALTER SEQUENCE public.boutique_categorie_mere_id_seq OWNED BY public.boutique_categorie_mere.id;


--
-- Name: boutique_categorie_produit; Type: TABLE; Schema: public; Owner: kous
--

CREATE TABLE public.boutique_categorie_produit (
    id integer NOT NULL,
    nom character varying(30) NOT NULL,
    cat_mere_id integer NOT NULL
);


ALTER TABLE public.boutique_categorie_produit OWNER TO kous;

--
-- Name: boutique_categorie_produit_id_seq; Type: SEQUENCE; Schema: public; Owner: kous
--

CREATE SEQUENCE public.boutique_categorie_produit_id_seq
    AS integer
    START WITH 1
    INCREMENT BY 1
    NO MINVALUE
    NO MAXVALUE
    CACHE 1;


ALTER TABLE public.boutique_categorie_produit_id_seq OWNER TO kous;

--
-- Name: boutique_categorie_produit_id_seq; Type: SEQUENCE OWNED BY; Schema: public; Owner: kous
--

ALTER SEQUENCE public.boutique_categorie_produit_id_seq OWNED BY public.boutique_categorie_produit.id;


--
-- Name: boutique_emballage; Type: TABLE; Schema: public; Owner: kous
--

CREATE TABLE public.boutique_emballage (
    id integer NOT NULL,
    nom character varying(30) NOT NULL,
    taille character varying(20) NOT NULL,
    hauteur numeric(6,2),
    diametre numeric(6,2),
    prix numeric(5,2) NOT NULL
);


ALTER TABLE public.boutique_emballage OWNER TO kous;

--
-- Name: boutique_emballage_id_seq; Type: SEQUENCE; Schema: public; Owner: kous
--

CREATE SEQUENCE public.boutique_emballage_id_seq
    AS integer
    START WITH 1
    INCREMENT BY 1
    NO MINVALUE
    NO MAXVALUE
    CACHE 1;


ALTER TABLE public.boutique_emballage_id_seq OWNER TO kous;

--
-- Name: boutique_emballage_id_seq; Type: SEQUENCE OWNED BY; Schema: public; Owner: kous
--

ALTER SEQUENCE public.boutique_emballage_id_seq OWNED BY public.boutique_emballage.id;


--
-- Name: boutique_producteur; Type: TABLE; Schema: public; Owner: kous
--

CREATE TABLE public.boutique_producteur (
    id integer NOT NULL,
    nom character varying(30) NOT NULL,
    desc_prod text NOT NULL,
    image_prod character varying(100) NOT NULL,
    adresse1 character varying(30) NOT NULL,
    adresse2 character varying(30),
    code_p integer NOT NULL,
    ville character varying(20) NOT NULL,
    tel_prod integer NOT NULL,
    email_prod character varying(254) NOT NULL,
    nom_contact character varying(30) NOT NULL,
    prenom_contact character varying(30) NOT NULL,
    CONSTRAINT boutique_producteur_code_p_check CHECK ((code_p >= 0)),
    CONSTRAINT boutique_producteur_tel_prod_check CHECK ((tel_prod >= 0))
);


ALTER TABLE public.boutique_producteur OWNER TO kous;

--
-- Name: boutique_producteur_id_seq; Type: SEQUENCE; Schema: public; Owner: kous
--

CREATE SEQUENCE public.boutique_producteur_id_seq
    AS integer
    START WITH 1
    INCREMENT BY 1
    NO MINVALUE
    NO MAXVALUE
    CACHE 1;


ALTER TABLE public.boutique_producteur_id_seq OWNER TO kous;

--
-- Name: boutique_producteur_id_seq; Type: SEQUENCE OWNED BY; Schema: public; Owner: kous
--

ALTER SEQUENCE public.boutique_producteur_id_seq OWNED BY public.boutique_producteur.id;


--
-- Name: boutique_produit; Type: TABLE; Schema: public; Owner: kous
--

CREATE TABLE public.boutique_produit (
    id integer NOT NULL,
    prix_p double precision NOT NULL,
    date_saisie timestamp with time zone NOT NULL,
    image_p character varying(100) NOT NULL,
    date_der_modif timestamp with time zone,
    nom character varying(40) NOT NULL,
    cat_id integer NOT NULL,
    producteur_id integer NOT NULL,
    type_prix_id integer NOT NULL,
    acide_gras_sat numeric(7,2),
    conseil_prepa text,
    conservation text,
    description text,
    energie_kcal integer,
    energie_kj integer,
    fibre_alim numeric(7,2),
    glucide numeric(7,2),
    ingredient text NOT NULL,
    matiere_grasse numeric(7,2),
    origine character varying(30) NOT NULL,
    proteine numeric(7,2),
    sel numeric(7,2),
    sucres numeric(7,2),
    CONSTRAINT boutique_produit_energie_kcal_check CHECK ((energie_kcal >= 0)),
    CONSTRAINT boutique_produit_energie_kj_check CHECK ((energie_kj >= 0))
);


ALTER TABLE public.boutique_produit OWNER TO kous;

--
-- Name: boutique_produit_id_seq; Type: SEQUENCE; Schema: public; Owner: kous
--

CREATE SEQUENCE public.boutique_produit_id_seq
    AS integer
    START WITH 1
    INCREMENT BY 1
    NO MINVALUE
    NO MAXVALUE
    CACHE 1;


ALTER TABLE public.boutique_produit_id_seq OWNER TO kous;

--
-- Name: boutique_produit_id_seq; Type: SEQUENCE OWNED BY; Schema: public; Owner: kous
--

ALTER SEQUENCE public.boutique_produit_id_seq OWNED BY public.boutique_produit.id;


--
-- Name: boutique_type_de_prix; Type: TABLE; Schema: public; Owner: kous
--

CREATE TABLE public.boutique_type_de_prix (
    id integer NOT NULL,
    nom character varying(20) NOT NULL
);


ALTER TABLE public.boutique_type_de_prix OWNER TO kous;

--
-- Name: boutique_type_de_prix_id_seq; Type: SEQUENCE; Schema: public; Owner: kous
--

CREATE SEQUENCE public.boutique_type_de_prix_id_seq
    AS integer
    START WITH 1
    INCREMENT BY 1
    NO MINVALUE
    NO MAXVALUE
    CACHE 1;


ALTER TABLE public.boutique_type_de_prix_id_seq OWNER TO kous;

--
-- Name: boutique_type_de_prix_id_seq; Type: SEQUENCE OWNED BY; Schema: public; Owner: kous
--

ALTER SEQUENCE public.boutique_type_de_prix_id_seq OWNED BY public.boutique_type_de_prix.id;


--
-- Name: django_admin_log; Type: TABLE; Schema: public; Owner: kous
--

CREATE TABLE public.django_admin_log (
    id integer NOT NULL,
    action_time timestamp with time zone NOT NULL,
    object_id text,
    object_repr character varying(200) NOT NULL,
    action_flag smallint NOT NULL,
    change_message text NOT NULL,
    content_type_id integer,
    user_id integer NOT NULL,
    CONSTRAINT django_admin_log_action_flag_check CHECK ((action_flag >= 0))
);


ALTER TABLE public.django_admin_log OWNER TO kous;

--
-- Name: django_admin_log_id_seq; Type: SEQUENCE; Schema: public; Owner: kous
--

CREATE SEQUENCE public.django_admin_log_id_seq
    AS integer
    START WITH 1
    INCREMENT BY 1
    NO MINVALUE
    NO MAXVALUE
    CACHE 1;


ALTER TABLE public.django_admin_log_id_seq OWNER TO kous;

--
-- Name: django_admin_log_id_seq; Type: SEQUENCE OWNED BY; Schema: public; Owner: kous
--

ALTER SEQUENCE public.django_admin_log_id_seq OWNED BY public.django_admin_log.id;


--
-- Name: django_content_type; Type: TABLE; Schema: public; Owner: kous
--

CREATE TABLE public.django_content_type (
    id integer NOT NULL,
    app_label character varying(100) NOT NULL,
    model character varying(100) NOT NULL
);


ALTER TABLE public.django_content_type OWNER TO kous;

--
-- Name: django_content_type_id_seq; Type: SEQUENCE; Schema: public; Owner: kous
--

CREATE SEQUENCE public.django_content_type_id_seq
    AS integer
    START WITH 1
    INCREMENT BY 1
    NO MINVALUE
    NO MAXVALUE
    CACHE 1;


ALTER TABLE public.django_content_type_id_seq OWNER TO kous;

--
-- Name: django_content_type_id_seq; Type: SEQUENCE OWNED BY; Schema: public; Owner: kous
--

ALTER SEQUENCE public.django_content_type_id_seq OWNED BY public.django_content_type.id;


--
-- Name: django_migrations; Type: TABLE; Schema: public; Owner: kous
--

CREATE TABLE public.django_migrations (
    id integer NOT NULL,
    app character varying(255) NOT NULL,
    name character varying(255) NOT NULL,
    applied timestamp with time zone NOT NULL
);


ALTER TABLE public.django_migrations OWNER TO kous;

--
-- Name: django_migrations_id_seq; Type: SEQUENCE; Schema: public; Owner: kous
--

CREATE SEQUENCE public.django_migrations_id_seq
    AS integer
    START WITH 1
    INCREMENT BY 1
    NO MINVALUE
    NO MAXVALUE
    CACHE 1;


ALTER TABLE public.django_migrations_id_seq OWNER TO kous;

--
-- Name: django_migrations_id_seq; Type: SEQUENCE OWNED BY; Schema: public; Owner: kous
--

ALTER SEQUENCE public.django_migrations_id_seq OWNED BY public.django_migrations.id;


--
-- Name: django_session; Type: TABLE; Schema: public; Owner: kous
--

CREATE TABLE public.django_session (
    session_key character varying(40) NOT NULL,
    session_data text NOT NULL,
    expire_date timestamp with time zone NOT NULL
);


ALTER TABLE public.django_session OWNER TO kous;

--
-- Name: auth_group id; Type: DEFAULT; Schema: public; Owner: kous
--

ALTER TABLE ONLY public.auth_group ALTER COLUMN id SET DEFAULT nextval('public.auth_group_id_seq'::regclass);


--
-- Name: auth_group_permissions id; Type: DEFAULT; Schema: public; Owner: kous
--

ALTER TABLE ONLY public.auth_group_permissions ALTER COLUMN id SET DEFAULT nextval('public.auth_group_permissions_id_seq'::regclass);


--
-- Name: auth_permission id; Type: DEFAULT; Schema: public; Owner: kous
--

ALTER TABLE ONLY public.auth_permission ALTER COLUMN id SET DEFAULT nextval('public.auth_permission_id_seq'::regclass);


--
-- Name: auth_user id; Type: DEFAULT; Schema: public; Owner: kous
--

ALTER TABLE ONLY public.auth_user ALTER COLUMN id SET DEFAULT nextval('public.auth_user_id_seq'::regclass);


--
-- Name: auth_user_groups id; Type: DEFAULT; Schema: public; Owner: kous
--

ALTER TABLE ONLY public.auth_user_groups ALTER COLUMN id SET DEFAULT nextval('public.auth_user_groups_id_seq'::regclass);


--
-- Name: auth_user_user_permissions id; Type: DEFAULT; Schema: public; Owner: kous
--

ALTER TABLE ONLY public.auth_user_user_permissions ALTER COLUMN id SET DEFAULT nextval('public.auth_user_user_permissions_id_seq'::regclass);


--
-- Name: boutique_categorie_mere id; Type: DEFAULT; Schema: public; Owner: kous
--

ALTER TABLE ONLY public.boutique_categorie_mere ALTER COLUMN id SET DEFAULT nextval('public.boutique_categorie_mere_id_seq'::regclass);


--
-- Name: boutique_categorie_produit id; Type: DEFAULT; Schema: public; Owner: kous
--

ALTER TABLE ONLY public.boutique_categorie_produit ALTER COLUMN id SET DEFAULT nextval('public.boutique_categorie_produit_id_seq'::regclass);


--
-- Name: boutique_emballage id; Type: DEFAULT; Schema: public; Owner: kous
--

ALTER TABLE ONLY public.boutique_emballage ALTER COLUMN id SET DEFAULT nextval('public.boutique_emballage_id_seq'::regclass);


--
-- Name: boutique_producteur id; Type: DEFAULT; Schema: public; Owner: kous
--

ALTER TABLE ONLY public.boutique_producteur ALTER COLUMN id SET DEFAULT nextval('public.boutique_producteur_id_seq'::regclass);


--
-- Name: boutique_produit id; Type: DEFAULT; Schema: public; Owner: kous
--

ALTER TABLE ONLY public.boutique_produit ALTER COLUMN id SET DEFAULT nextval('public.boutique_produit_id_seq'::regclass);


--
-- Name: boutique_type_de_prix id; Type: DEFAULT; Schema: public; Owner: kous
--

ALTER TABLE ONLY public.boutique_type_de_prix ALTER COLUMN id SET DEFAULT nextval('public.boutique_type_de_prix_id_seq'::regclass);


--
-- Name: django_admin_log id; Type: DEFAULT; Schema: public; Owner: kous
--

ALTER TABLE ONLY public.django_admin_log ALTER COLUMN id SET DEFAULT nextval('public.django_admin_log_id_seq'::regclass);


--
-- Name: django_content_type id; Type: DEFAULT; Schema: public; Owner: kous
--

ALTER TABLE ONLY public.django_content_type ALTER COLUMN id SET DEFAULT nextval('public.django_content_type_id_seq'::regclass);


--
-- Name: django_migrations id; Type: DEFAULT; Schema: public; Owner: kous
--

ALTER TABLE ONLY public.django_migrations ALTER COLUMN id SET DEFAULT nextval('public.django_migrations_id_seq'::regclass);


--
-- Data for Name: auth_group; Type: TABLE DATA; Schema: public; Owner: kous
--

COPY public.auth_group (id, name) FROM stdin;
\.


--
-- Data for Name: auth_group_permissions; Type: TABLE DATA; Schema: public; Owner: kous
--

COPY public.auth_group_permissions (id, group_id, permission_id) FROM stdin;
\.


--
-- Data for Name: auth_permission; Type: TABLE DATA; Schema: public; Owner: kous
--

COPY public.auth_permission (id, name, content_type_id, codename) FROM stdin;
1	Can add log entry	1	add_logentry
2	Can change log entry	1	change_logentry
3	Can delete log entry	1	delete_logentry
4	Can view log entry	1	view_logentry
5	Can add permission	2	add_permission
6	Can change permission	2	change_permission
7	Can delete permission	2	delete_permission
8	Can view permission	2	view_permission
9	Can add group	3	add_group
10	Can change group	3	change_group
11	Can delete group	3	delete_group
12	Can view group	3	view_group
13	Can add user	4	add_user
14	Can change user	4	change_user
15	Can delete user	4	delete_user
16	Can view user	4	view_user
17	Can add content type	5	add_contenttype
18	Can change content type	5	change_contenttype
19	Can delete content type	5	delete_contenttype
20	Can view content type	5	view_contenttype
21	Can add session	6	add_session
22	Can change session	6	change_session
23	Can delete session	6	delete_session
24	Can view session	6	view_session
25	Can add produit	7	add_produit
26	Can change produit	7	change_produit
27	Can delete produit	7	delete_produit
28	Can view produit	7	view_produit
29	Can add categorie_produit	8	add_categorie_produit
30	Can change categorie_produit	8	change_categorie_produit
31	Can delete categorie_produit	8	delete_categorie_produit
32	Can view categorie_produit	8	view_categorie_produit
33	Can add producteur	9	add_producteur
34	Can change producteur	9	change_producteur
35	Can delete producteur	9	delete_producteur
36	Can view producteur	9	view_producteur
37	Can add type_de_prix	10	add_type_de_prix
38	Can change type_de_prix	10	change_type_de_prix
39	Can delete type_de_prix	10	delete_type_de_prix
40	Can view type_de_prix	10	view_type_de_prix
41	Can add emballage	11	add_emballage
42	Can change emballage	11	change_emballage
43	Can delete emballage	11	delete_emballage
44	Can view emballage	11	view_emballage
45	Can add categorie_mere	12	add_categorie_mere
46	Can change categorie_mere	12	change_categorie_mere
47	Can delete categorie_mere	12	delete_categorie_mere
48	Can view categorie_mere	12	view_categorie_mere
\.


--
-- Data for Name: auth_user; Type: TABLE DATA; Schema: public; Owner: kous
--

COPY public.auth_user (id, password, last_login, is_superuser, username, first_name, last_name, email, is_staff, is_active, date_joined) FROM stdin;
1	pbkdf2_sha256$120000$eqmqQj5lfknQ$VK9JS5VIsErdeYgoeEYAnjvPrt13loLqR5gr00VBTlU=	2019-07-31 16:50:19.243343+02	t	kous			karim.elouadi@gmail.com	t	t	2019-01-16 20:42:26.677402+01
\.


--
-- Data for Name: auth_user_groups; Type: TABLE DATA; Schema: public; Owner: kous
--

COPY public.auth_user_groups (id, user_id, group_id) FROM stdin;
\.


--
-- Data for Name: auth_user_user_permissions; Type: TABLE DATA; Schema: public; Owner: kous
--

COPY public.auth_user_user_permissions (id, user_id, permission_id) FROM stdin;
\.


--
-- Data for Name: boutique_categorie_mere; Type: TABLE DATA; Schema: public; Owner: kous
--

COPY public.boutique_categorie_mere (id, nom) FROM stdin;
1	Pâtes, riz et légumineuses
2	Epicerie salée
3	Petits déjeuner
\.


--
-- Data for Name: boutique_categorie_produit; Type: TABLE DATA; Schema: public; Owner: kous
--

COPY public.boutique_categorie_produit (id, nom, cat_mere_id) FROM stdin;
1	légumineuses	1
2	Pâtes	1
3	Riz	1
4	Fruits secs	2
5	Epices et aromates	2
6	Huiles et vinaigres	2
7	confitures, miel, pates à tart	3
8	Boulangerie	3
\.


--
-- Data for Name: boutique_emballage; Type: TABLE DATA; Schema: public; Owner: kous
--

COPY public.boutique_emballage (id, nom, taille, hauteur, diametre, prix) FROM stdin;
2	bocal_m	m	15.00	10.50	5.30
3	bocal_l	l	23.50	10.50	5.90
4	bocal_xl	xl	29.00	10.50	6.40
5	kraft_s	s	\N	\N	0.10
6	kraft_m	m	\N	\N	0.20
1	bocal_s	s	10.00	10.50	4.70
\.


--
-- Data for Name: boutique_producteur; Type: TABLE DATA; Schema: public; Owner: kous
--

COPY public.boutique_producteur (id, nom, desc_prod, image_prod, adresse1, adresse2, code_p, ville, tel_prod, email_prod, nom_contact, prenom_contact) FROM stdin;
1	La ferme de Chassagne	Le GIE Ferme de Chassagne est un groupement d’agrobiologistes, basé en Charente (16), spécialisé dans la transformation (stockage, triage, calibrage, conditionnement) et la commercialisation de légumes secs (lentilles, pois cassés, pois chiches, haricots blancs, rouges, noirs et Borloto, flageolets), farines de céréales (blé, épeautre, engrain, sarrasin) et huile de tournesol.\r\n\r\nAssociés pour valoriser les productions du terroir par une démarche collective, de qualité et de proximité, les producteurs gèrent eux-mêmes les activités du GIE et la vente de leurs produits.	static/media/image_producteur/1471641140-s_vzmjfdP.jpg	5 rue jacques	vide	13550	Noves	605040102	aze@live.fr	aqszed	aqsz
2	f_cramberries	none	image_producteur/feuille.png	ezfz	grg	15420	ergre	1	ger@live.fr	efz	zefze
3	None	None	image_producteur/feuille_72oNpmK.png	None	None	2	None	1	None@none.fr	None	None
\.


--
-- Data for Name: boutique_produit; Type: TABLE DATA; Schema: public; Owner: kous
--

COPY public.boutique_produit (id, prix_p, date_saisie, image_p, date_der_modif, nom, cat_id, producteur_id, type_prix_id, acide_gras_sat, conseil_prepa, conservation, description, energie_kcal, energie_kj, fibre_alim, glucide, ingredient, matiere_grasse, origine, proteine, sel, sucres) FROM stdin;
1	0.689999999999999947	2019-01-17 16:29:16+01	image_produit/flageolets-verts-en-vrac_7Cqcs0i.jpg	\N	Flageolet verts bio	1	1	1	\N	faites tremper les flageolets pendant 2 heures avant la cuisson. Commencez ensuite la cuisson à froid et faites cuire pendant 30 minutes dans de l’eau salée avec, si possible, une feuille de laurier.  Essorez, c’est prêt.	les flageolets se conservent longtemps et assez bien. L’idéal est de les placer dans un bocal hermétique en évitant trop de chaleur et d’humidité.	Le flageolet est en réalité un haricot blanc récolté avant maturité. Découvert vers la fin du 19ème siècle, il accompagne depuis les repas les plus traditionnels tout en apportant une bonne dose de protéines (24g / 100g) ce qui en fait un bon allié des régimes végan et végétariens.	315	1320	16.00	44.00	100% flageolets biologiques	13.00	France, 16240 Villefagnan	24.00	0.01	\N
2	3	2019-05-02 11:29:57+02	image_produit/Cranberries_bio_image.jpg	\N	Cranberries bio	4	2	1	\N		aucun	Les canneberges infusées dans du sucre de canne sont ensuite séchées et pulvérisées avec de l'huile légère.	15	10	0.07	\N	cranberries, sucre de canne, huile de tournesol	\N	Canada	\N	\N	\N
3	16	2019-06-04 12:00:30+02	image_produit/Cannelle.jpg	\N	Cannelle	5	3	1	\N			Cannelle bio en poudre.	\N	\N	\N	\N	cannelle	\N	Indonésie	\N	\N	\N
4	160	2019-06-04 12:11:48+02	image_produit/Aneth_bio.jpg	\N	aneth locale	5	3	1	\N				\N	\N	\N	\N	aneth	\N	France	\N	\N	\N
5	2.64999999999999991	2019-06-04 12:14:01+02	image_produit/huile_sesame.jpg	\N	Huile de sésame vierge	6	3	2	\N			Huile très douce aux notes noisettées (sésame non grillé).	\N	\N	\N	\N	100% graines de sésame	\N	France	\N	\N	\N
6	21	2019-06-04 12:18:34+02	image_produit/pate_a_tartinet.jpg	\N	Pâte à tartiner chocolat noisette bio	7	3	1	9.80		Endroit sec	À utiliser sur des tartines ou dans la pâtisserie, particulièrement délicieux sur les crêpes ou gaufres chaudes.	551	2301	7.20	45.00	Recette sans huile de palme (mélange noix de cajou et huile de colza).	34.00	France	11.00	1.00	45.00
7	3.60000000000000009	2019-06-04 12:23:45+02	image_produit/pain_multigraine.jpg	\N	Pain multigraines 500g bio & local	8	3	3	\N			Pain paysan au blé ancien, levain naturel et cuisson feu de bois. Aux 5 graines : sésame, tournesol, pavot, lin et millet (dessus et dedans, photo non contractuelle)	\N	\N	\N	\N	farine de blé*, graines de sésame*, graines de tournesol*, graines de pavot*, graines de lin*, graines de millet*, levain naturel, eau, sel.	\N	France	\N	\N	\N
\.


--
-- Data for Name: boutique_type_de_prix; Type: TABLE DATA; Schema: public; Owner: kous
--

COPY public.boutique_type_de_prix (id, nom) FROM stdin;
1	kg
2	L
3	U
\.


--
-- Data for Name: django_admin_log; Type: TABLE DATA; Schema: public; Owner: kous
--

COPY public.django_admin_log (id, action_time, object_id, object_repr, action_flag, change_message, content_type_id, user_id) FROM stdin;
1	2019-01-17 16:29:30.27063+01	1	haricot	1	[{"added": {}}]	8	1
2	2019-01-17 16:31:18.415981+01	1	kg	1	[{"added": {}}]	10	1
3	2019-01-17 16:36:41.866274+01	1	La ferme de Chassagne	1	[{"added": {}}]	9	1
4	2019-01-17 16:37:06.749057+01	1	Flageolet verts bio	1	[{"added": {}}]	7	1
5	2019-01-20 19:38:16.022017+01	1	La ferme de Chassagne	2	[{"changed": {"fields": ["image_prod"]}}]	9	1
6	2019-01-20 19:42:01.441981+01	1	La ferme de Chassagne	2	[{"changed": {"fields": ["desc_prod"]}}]	9	1
7	2019-01-20 19:42:21.654487+01	1	La ferme de Chassagne	2	[{"changed": {"fields": ["desc_prod"]}}]	9	1
8	2019-01-24 17:13:10.503209+01	1	La ferme de Chassagne	2	[{"changed": {"fields": ["desc_prod"]}}]	9	1
9	2019-01-24 17:13:27.66419+01	1	La ferme de Chassagne	2	[{"changed": {"fields": ["desc_prod"]}}]	9	1
10	2019-01-24 17:13:52.374438+01	1	La ferme de Chassagne	2	[{"changed": {"fields": ["desc_prod"]}}]	9	1
11	2019-02-01 10:12:22.002863+01	1	bocal_s	1	[{"added": {}}]	11	1
12	2019-02-01 10:13:04.227612+01	2	bocal_m	1	[{"added": {}}]	11	1
13	2019-02-01 10:13:38.98317+01	3	bocal_l	1	[{"added": {}}]	11	1
14	2019-02-01 10:14:07.813245+01	4	bocal_xl	1	[{"added": {}}]	11	1
15	2019-02-01 10:14:33.77903+01	5	kraft_s	1	[{"added": {}}]	11	1
16	2019-02-01 10:14:51.997807+01	6	kraft_m	1	[{"added": {}}]	11	1
17	2019-02-01 14:24:31.210166+01	1	bocal s	2	[{"changed": {"fields": ["nom"]}}]	11	1
18	2019-02-01 14:24:43.667088+01	1	bocal S	2	[{"changed": {"fields": ["nom"]}}]	11	1
19	2019-02-01 14:39:09.004633+01	1	bocal_s	2	[{"changed": {"fields": ["nom"]}}]	11	1
20	2019-02-19 11:00:24.438107+01	1	La ferme de Chassagne	2	[{"changed": {"fields": ["image_prod"]}}]	9	1
21	2019-02-19 11:07:46.664414+01	1	La ferme de Chassagne	2	[{"changed": {"fields": ["image_prod"]}}]	9	1
22	2019-02-19 11:08:37.919422+01	1	La ferme de Chassagne	2	[{"changed": {"fields": ["image_prod"]}}]	9	1
23	2019-02-26 15:22:52.128478+01	1	Pâtes, riz et légumineuses	1	[{"added": {}}]	12	1
24	2019-02-26 15:23:12.282104+01	1	haricot	2	[{"changed": {"fields": ["cat_mere"]}}]	8	1
25	2019-02-26 15:28:24.807492+01	1	légumineuses	2	[{"changed": {"fields": ["nom"]}}]	8	1
26	2019-02-26 15:36:30.79157+01	2	Pâtes	1	[{"added": {}}]	8	1
27	2019-02-26 15:36:41.424903+01	3	Riz	1	[{"added": {}}]	8	1
28	2019-02-26 15:42:15.442679+01	2	Epicerie salée	1	[{"added": {}}]	12	1
29	2019-02-26 15:42:18.342536+01	4	Fruits secs	1	[{"added": {}}]	8	1
30	2019-02-26 15:42:34.770826+01	5	Epices et aromates	1	[{"added": {}}]	8	1
31	2019-05-02 11:37:42.176984+02	2	f_cramberries	1	[{"added": {}}]	9	1
32	2019-05-02 11:38:22.999256+02	2	Cranberries bio	1	[{"added": {}}]	7	1
33	2019-06-04 12:09:26.281154+02	3	None	1	[{"added": {}}]	9	1
34	2019-06-04 12:10:59.015763+02	3	Cannelle	1	[{"added": {}}]	7	1
35	2019-06-04 12:13:58.697546+02	4	aneth locale	1	[{"added": {}}]	7	1
36	2019-06-04 12:16:51.84026+02	6	Huiles et vinaigres	1	[{"added": {}}]	8	1
37	2019-06-04 12:17:30.436873+02	2	L	1	[{"added": {}}]	10	1
38	2019-06-04 12:18:15.05801+02	5	Huile de sésame vierge	1	[{"added": {}}]	7	1
39	2019-06-04 12:20:26.642263+02	3	Petits déjeuner	1	[{"added": {}}]	12	1
40	2019-06-04 12:20:30.446426+02	7	confitures, miel, pates à tart	1	[{"added": {}}]	8	1
41	2019-06-04 12:23:29.092118+02	6	Pâte à tartiner chocolat noisette bio	1	[{"added": {}}]	7	1
42	2019-06-04 12:24:17.15404+02	8	Boulangerie	1	[{"added": {}}]	8	1
43	2019-06-04 12:24:27.190856+02	3	U	1	[{"added": {}}]	10	1
44	2019-06-04 12:26:13.790023+02	7	Pain multigraines 500g bio & local	1	[{"added": {}}]	7	1
\.


--
-- Data for Name: django_content_type; Type: TABLE DATA; Schema: public; Owner: kous
--

COPY public.django_content_type (id, app_label, model) FROM stdin;
1	admin	logentry
2	auth	permission
3	auth	group
4	auth	user
5	contenttypes	contenttype
6	sessions	session
7	boutique	produit
8	boutique	categorie_produit
9	boutique	producteur
10	boutique	type_de_prix
11	boutique	emballage
12	boutique	categorie_mere
\.


--
-- Data for Name: django_migrations; Type: TABLE DATA; Schema: public; Owner: kous
--

COPY public.django_migrations (id, app, name, applied) FROM stdin;
1	contenttypes	0001_initial	2019-01-16 20:11:01.913714+01
2	auth	0001_initial	2019-01-16 20:11:03.072206+01
3	admin	0001_initial	2019-01-16 20:11:03.352613+01
4	admin	0002_logentry_remove_auto_add	2019-01-16 20:11:03.375825+01
5	admin	0003_logentry_add_action_flag_choices	2019-01-16 20:11:03.400417+01
6	contenttypes	0002_remove_content_type_name	2019-01-16 20:11:03.443396+01
7	auth	0002_alter_permission_name_max_length	2019-01-16 20:11:03.468141+01
8	auth	0003_alter_user_email_max_length	2019-01-16 20:11:03.501155+01
9	auth	0004_alter_user_username_opts	2019-01-16 20:11:03.520775+01
10	auth	0005_alter_user_last_login_null	2019-01-16 20:11:03.558784+01
11	auth	0006_require_contenttypes_0002	2019-01-16 20:11:03.566596+01
12	auth	0007_alter_validators_add_error_messages	2019-01-16 20:11:03.589651+01
13	auth	0008_alter_user_username_max_length	2019-01-16 20:11:03.665729+01
14	auth	0009_alter_user_last_name_max_length	2019-01-16 20:11:03.698421+01
15	boutique	0001_initial	2019-01-16 20:11:03.831317+01
16	boutique	0002_auto_20181130_1012	2019-01-16 20:11:04.891229+01
17	boutique	0003_auto_20181226_1630	2019-01-16 20:11:04.9113+01
18	boutique	0004_auto_20181226_1812	2019-01-16 20:11:05.270866+01
19	boutique	0005_auto_20181227_1901	2019-01-16 20:11:06.411238+01
20	boutique	0006_auto_20181227_1910	2019-01-16 20:11:06.459839+01
21	boutique	0007_auto_20190103_1929	2019-01-16 20:11:06.749576+01
22	boutique	0008_auto_20190103_1930	2019-01-16 20:11:07.079799+01
23	boutique	0009_auto_20190103_1950	2019-01-16 20:11:07.585027+01
24	boutique	0010_auto_20190103_2000	2019-01-16 20:11:08.966498+01
25	sessions	0001_initial	2019-01-16 20:11:09.17032+01
26	boutique	0011_emballage	2019-02-01 10:09:15.897525+01
27	boutique	0012_auto_20190226_1515	2019-02-26 15:16:04.164173+01
28	boutique	0013_auto_20190226_1524	2019-02-26 15:24:34.158959+01
\.


--
-- Data for Name: django_session; Type: TABLE DATA; Schema: public; Owner: kous
--

COPY public.django_session (session_key, session_data, expire_date) FROM stdin;
qd198fs9zxrhjc3wshrc7q160uvtv2nz	ZDdkNjBlNTg1NjFmNTQ2MDQzYWFiMWFhMDU5MGE2NTUyMGQyMWEzMDp7Il9hdXRoX3VzZXJfaWQiOiIxIiwiX2F1dGhfdXNlcl9iYWNrZW5kIjoiZGphbmdvLmNvbnRyaWIuYXV0aC5iYWNrZW5kcy5Nb2RlbEJhY2tlbmQiLCJfYXV0aF91c2VyX2hhc2giOiIyYmRhZmM4ZWJjMmQxYzE3ZTJlZTk1YTBmODcwNTJlMWM4OGRmNmYxIn0=	2019-01-30 20:48:16.024398+01
svg15w0mnq7z1gi80orxrwrjr1nncg08	ZDdkNjBlNTg1NjFmNTQ2MDQzYWFiMWFhMDU5MGE2NTUyMGQyMWEzMDp7Il9hdXRoX3VzZXJfaWQiOiIxIiwiX2F1dGhfdXNlcl9iYWNrZW5kIjoiZGphbmdvLmNvbnRyaWIuYXV0aC5iYWNrZW5kcy5Nb2RlbEJhY2tlbmQiLCJfYXV0aF91c2VyX2hhc2giOiIyYmRhZmM4ZWJjMmQxYzE3ZTJlZTk1YTBmODcwNTJlMWM4OGRmNmYxIn0=	2019-02-15 10:09:49.063258+01
m3o0ux7f1rjfo0ygos93h3rha3inya0g	Zjg0ZWFjMWYyOTJlYzg4YjNiMTcyZWY2YzVhMDYxZjRmMmQ4YmIxMDp7Il9hdXRoX3VzZXJfaWQiOiIxIiwiX2F1dGhfdXNlcl9oYXNoIjoiMmJkYWZjOGViYzJkMWMxN2UyZWU5NWEwZjg3MDUyZTFjODhkZjZmMSIsIl9hdXRoX3VzZXJfYmFja2VuZCI6ImRqYW5nby5jb250cmliLmF1dGguYmFja2VuZHMuTW9kZWxCYWNrZW5kIn0=	2019-03-05 10:55:49.777282+01
quag9qayav5ui97s9zor0bmlz9fsss5x	ODExMzYwY2I2N2NiMWI5NzhhOWE0YzYwMTA0MGFkN2YwNzgzMjQ5ZDp7Il9hdXRoX3VzZXJfYmFja2VuZCI6ImRqYW5nby5jb250cmliLmF1dGguYmFja2VuZHMuTW9kZWxCYWNrZW5kIiwiX2F1dGhfdXNlcl9pZCI6IjEiLCJfYXV0aF91c2VyX2hhc2giOiIyYmRhZmM4ZWJjMmQxYzE3ZTJlZTk1YTBmODcwNTJlMWM4OGRmNmYxIn0=	2019-03-12 11:00:37.810366+01
2ueeey5tifv1td7s28x56ul25pnccl51	NDFjNWQ5ZWUwMTMxY2EwYjU3OTA5NDk0YmYzOWRlMzBmYmNjYzFkODp7Il9hdXRoX3VzZXJfaGFzaCI6IjJiZGFmYzhlYmMyZDFjMTdlMmVlOTVhMGY4NzA1MmUxYzg4ZGY2ZjEiLCJfYXV0aF91c2VyX2lkIjoiMSIsIl9hdXRoX3VzZXJfYmFja2VuZCI6ImRqYW5nby5jb250cmliLmF1dGguYmFja2VuZHMuTW9kZWxCYWNrZW5kIn0=	2019-05-16 11:27:28.186832+02
5i1a2gvuhnc0n8s5se35blwb08c58l7b	Zjg0ZWFjMWYyOTJlYzg4YjNiMTcyZWY2YzVhMDYxZjRmMmQ4YmIxMDp7Il9hdXRoX3VzZXJfaWQiOiIxIiwiX2F1dGhfdXNlcl9oYXNoIjoiMmJkYWZjOGViYzJkMWMxN2UyZWU5NWEwZjg3MDUyZTFjODhkZjZmMSIsIl9hdXRoX3VzZXJfYmFja2VuZCI6ImRqYW5nby5jb250cmliLmF1dGguYmFja2VuZHMuTW9kZWxCYWNrZW5kIn0=	2019-06-18 11:59:30.325216+02
mb693tqmyvuxj5c5iqniehzd85zu8x8c	ZDdkNjBlNTg1NjFmNTQ2MDQzYWFiMWFhMDU5MGE2NTUyMGQyMWEzMDp7Il9hdXRoX3VzZXJfaWQiOiIxIiwiX2F1dGhfdXNlcl9iYWNrZW5kIjoiZGphbmdvLmNvbnRyaWIuYXV0aC5iYWNrZW5kcy5Nb2RlbEJhY2tlbmQiLCJfYXV0aF91c2VyX2hhc2giOiIyYmRhZmM4ZWJjMmQxYzE3ZTJlZTk1YTBmODcwNTJlMWM4OGRmNmYxIn0=	2019-06-18 12:28:28.455824+02
r21cid7q8gjwxriundwqdmhv6y8vn11r	YjNlYzMzNzAxYWZjNDAwOTA4NDcxZTY1NTA4YTJhMWU2NTMyNTczYjp7Il9hdXRoX3VzZXJfYmFja2VuZCI6ImRqYW5nby5jb250cmliLmF1dGguYmFja2VuZHMuTW9kZWxCYWNrZW5kIiwiX2F1dGhfdXNlcl9oYXNoIjoiMmJkYWZjOGViYzJkMWMxN2UyZWU5NWEwZjg3MDUyZTFjODhkZjZmMSIsIl9hdXRoX3VzZXJfaWQiOiIxIn0=	2019-06-27 14:52:35.505121+02
hoivegfp6dcj5oei7bh583eir3jzzqj4	MGFlYjFhZDMyOGM5YzcxN2Q0NDQ3NTRiN2FiY2FhYjk3Zjk1N2I1MTp7Il9hdXRoX3VzZXJfaGFzaCI6IjJiZGFmYzhlYmMyZDFjMTdlMmVlOTVhMGY4NzA1MmUxYzg4ZGY2ZjEiLCJfYXV0aF91c2VyX2JhY2tlbmQiOiJkamFuZ28uY29udHJpYi5hdXRoLmJhY2tlbmRzLk1vZGVsQmFja2VuZCIsIl9hdXRoX3VzZXJfaWQiOiIxIn0=	2019-07-26 16:51:28.549576+02
8zzsthielacan3huh893f2gsudmqaxn8	MGFlYjFhZDMyOGM5YzcxN2Q0NDQ3NTRiN2FiY2FhYjk3Zjk1N2I1MTp7Il9hdXRoX3VzZXJfaGFzaCI6IjJiZGFmYzhlYmMyZDFjMTdlMmVlOTVhMGY4NzA1MmUxYzg4ZGY2ZjEiLCJfYXV0aF91c2VyX2JhY2tlbmQiOiJkamFuZ28uY29udHJpYi5hdXRoLmJhY2tlbmRzLk1vZGVsQmFja2VuZCIsIl9hdXRoX3VzZXJfaWQiOiIxIn0=	2019-08-14 16:50:19.247178+02
\.


--
-- Name: auth_group_id_seq; Type: SEQUENCE SET; Schema: public; Owner: kous
--

SELECT pg_catalog.setval('public.auth_group_id_seq', 1, false);


--
-- Name: auth_group_permissions_id_seq; Type: SEQUENCE SET; Schema: public; Owner: kous
--

SELECT pg_catalog.setval('public.auth_group_permissions_id_seq', 1, false);


--
-- Name: auth_permission_id_seq; Type: SEQUENCE SET; Schema: public; Owner: kous
--

SELECT pg_catalog.setval('public.auth_permission_id_seq', 48, true);


--
-- Name: auth_user_groups_id_seq; Type: SEQUENCE SET; Schema: public; Owner: kous
--

SELECT pg_catalog.setval('public.auth_user_groups_id_seq', 1, false);


--
-- Name: auth_user_id_seq; Type: SEQUENCE SET; Schema: public; Owner: kous
--

SELECT pg_catalog.setval('public.auth_user_id_seq', 1, true);


--
-- Name: auth_user_user_permissions_id_seq; Type: SEQUENCE SET; Schema: public; Owner: kous
--

SELECT pg_catalog.setval('public.auth_user_user_permissions_id_seq', 1, false);


--
-- Name: boutique_categorie_mere_id_seq; Type: SEQUENCE SET; Schema: public; Owner: kous
--

SELECT pg_catalog.setval('public.boutique_categorie_mere_id_seq', 3, true);


--
-- Name: boutique_categorie_produit_id_seq; Type: SEQUENCE SET; Schema: public; Owner: kous
--

SELECT pg_catalog.setval('public.boutique_categorie_produit_id_seq', 8, true);


--
-- Name: boutique_emballage_id_seq; Type: SEQUENCE SET; Schema: public; Owner: kous
--

SELECT pg_catalog.setval('public.boutique_emballage_id_seq', 6, true);


--
-- Name: boutique_producteur_id_seq; Type: SEQUENCE SET; Schema: public; Owner: kous
--

SELECT pg_catalog.setval('public.boutique_producteur_id_seq', 3, true);


--
-- Name: boutique_produit_id_seq; Type: SEQUENCE SET; Schema: public; Owner: kous
--

SELECT pg_catalog.setval('public.boutique_produit_id_seq', 7, true);


--
-- Name: boutique_type_de_prix_id_seq; Type: SEQUENCE SET; Schema: public; Owner: kous
--

SELECT pg_catalog.setval('public.boutique_type_de_prix_id_seq', 3, true);


--
-- Name: django_admin_log_id_seq; Type: SEQUENCE SET; Schema: public; Owner: kous
--

SELECT pg_catalog.setval('public.django_admin_log_id_seq', 44, true);


--
-- Name: django_content_type_id_seq; Type: SEQUENCE SET; Schema: public; Owner: kous
--

SELECT pg_catalog.setval('public.django_content_type_id_seq', 12, true);


--
-- Name: django_migrations_id_seq; Type: SEQUENCE SET; Schema: public; Owner: kous
--

SELECT pg_catalog.setval('public.django_migrations_id_seq', 28, true);


--
-- Name: auth_group auth_group_name_key; Type: CONSTRAINT; Schema: public; Owner: kous
--

ALTER TABLE ONLY public.auth_group
    ADD CONSTRAINT auth_group_name_key UNIQUE (name);


--
-- Name: auth_group_permissions auth_group_permissions_group_id_permission_id_0cd325b0_uniq; Type: CONSTRAINT; Schema: public; Owner: kous
--

ALTER TABLE ONLY public.auth_group_permissions
    ADD CONSTRAINT auth_group_permissions_group_id_permission_id_0cd325b0_uniq UNIQUE (group_id, permission_id);


--
-- Name: auth_group_permissions auth_group_permissions_pkey; Type: CONSTRAINT; Schema: public; Owner: kous
--

ALTER TABLE ONLY public.auth_group_permissions
    ADD CONSTRAINT auth_group_permissions_pkey PRIMARY KEY (id);


--
-- Name: auth_group auth_group_pkey; Type: CONSTRAINT; Schema: public; Owner: kous
--

ALTER TABLE ONLY public.auth_group
    ADD CONSTRAINT auth_group_pkey PRIMARY KEY (id);


--
-- Name: auth_permission auth_permission_content_type_id_codename_01ab375a_uniq; Type: CONSTRAINT; Schema: public; Owner: kous
--

ALTER TABLE ONLY public.auth_permission
    ADD CONSTRAINT auth_permission_content_type_id_codename_01ab375a_uniq UNIQUE (content_type_id, codename);


--
-- Name: auth_permission auth_permission_pkey; Type: CONSTRAINT; Schema: public; Owner: kous
--

ALTER TABLE ONLY public.auth_permission
    ADD CONSTRAINT auth_permission_pkey PRIMARY KEY (id);


--
-- Name: auth_user_groups auth_user_groups_pkey; Type: CONSTRAINT; Schema: public; Owner: kous
--

ALTER TABLE ONLY public.auth_user_groups
    ADD CONSTRAINT auth_user_groups_pkey PRIMARY KEY (id);


--
-- Name: auth_user_groups auth_user_groups_user_id_group_id_94350c0c_uniq; Type: CONSTRAINT; Schema: public; Owner: kous
--

ALTER TABLE ONLY public.auth_user_groups
    ADD CONSTRAINT auth_user_groups_user_id_group_id_94350c0c_uniq UNIQUE (user_id, group_id);


--
-- Name: auth_user auth_user_pkey; Type: CONSTRAINT; Schema: public; Owner: kous
--

ALTER TABLE ONLY public.auth_user
    ADD CONSTRAINT auth_user_pkey PRIMARY KEY (id);


--
-- Name: auth_user_user_permissions auth_user_user_permissions_pkey; Type: CONSTRAINT; Schema: public; Owner: kous
--

ALTER TABLE ONLY public.auth_user_user_permissions
    ADD CONSTRAINT auth_user_user_permissions_pkey PRIMARY KEY (id);


--
-- Name: auth_user_user_permissions auth_user_user_permissions_user_id_permission_id_14a6b632_uniq; Type: CONSTRAINT; Schema: public; Owner: kous
--

ALTER TABLE ONLY public.auth_user_user_permissions
    ADD CONSTRAINT auth_user_user_permissions_user_id_permission_id_14a6b632_uniq UNIQUE (user_id, permission_id);


--
-- Name: auth_user auth_user_username_key; Type: CONSTRAINT; Schema: public; Owner: kous
--

ALTER TABLE ONLY public.auth_user
    ADD CONSTRAINT auth_user_username_key UNIQUE (username);


--
-- Name: boutique_categorie_mere boutique_categorie_mere_pkey; Type: CONSTRAINT; Schema: public; Owner: kous
--

ALTER TABLE ONLY public.boutique_categorie_mere
    ADD CONSTRAINT boutique_categorie_mere_pkey PRIMARY KEY (id);


--
-- Name: boutique_categorie_produit boutique_categorie_produit_pkey; Type: CONSTRAINT; Schema: public; Owner: kous
--

ALTER TABLE ONLY public.boutique_categorie_produit
    ADD CONSTRAINT boutique_categorie_produit_pkey PRIMARY KEY (id);


--
-- Name: boutique_emballage boutique_emballage_pkey; Type: CONSTRAINT; Schema: public; Owner: kous
--

ALTER TABLE ONLY public.boutique_emballage
    ADD CONSTRAINT boutique_emballage_pkey PRIMARY KEY (id);


--
-- Name: boutique_producteur boutique_producteur_pkey; Type: CONSTRAINT; Schema: public; Owner: kous
--

ALTER TABLE ONLY public.boutique_producteur
    ADD CONSTRAINT boutique_producteur_pkey PRIMARY KEY (id);


--
-- Name: boutique_produit boutique_produit_pkey; Type: CONSTRAINT; Schema: public; Owner: kous
--

ALTER TABLE ONLY public.boutique_produit
    ADD CONSTRAINT boutique_produit_pkey PRIMARY KEY (id);


--
-- Name: boutique_type_de_prix boutique_type_de_prix_pkey; Type: CONSTRAINT; Schema: public; Owner: kous
--

ALTER TABLE ONLY public.boutique_type_de_prix
    ADD CONSTRAINT boutique_type_de_prix_pkey PRIMARY KEY (id);


--
-- Name: django_admin_log django_admin_log_pkey; Type: CONSTRAINT; Schema: public; Owner: kous
--

ALTER TABLE ONLY public.django_admin_log
    ADD CONSTRAINT django_admin_log_pkey PRIMARY KEY (id);


--
-- Name: django_content_type django_content_type_app_label_model_76bd3d3b_uniq; Type: CONSTRAINT; Schema: public; Owner: kous
--

ALTER TABLE ONLY public.django_content_type
    ADD CONSTRAINT django_content_type_app_label_model_76bd3d3b_uniq UNIQUE (app_label, model);


--
-- Name: django_content_type django_content_type_pkey; Type: CONSTRAINT; Schema: public; Owner: kous
--

ALTER TABLE ONLY public.django_content_type
    ADD CONSTRAINT django_content_type_pkey PRIMARY KEY (id);


--
-- Name: django_migrations django_migrations_pkey; Type: CONSTRAINT; Schema: public; Owner: kous
--

ALTER TABLE ONLY public.django_migrations
    ADD CONSTRAINT django_migrations_pkey PRIMARY KEY (id);


--
-- Name: django_session django_session_pkey; Type: CONSTRAINT; Schema: public; Owner: kous
--

ALTER TABLE ONLY public.django_session
    ADD CONSTRAINT django_session_pkey PRIMARY KEY (session_key);


--
-- Name: auth_group_name_a6ea08ec_like; Type: INDEX; Schema: public; Owner: kous
--

CREATE INDEX auth_group_name_a6ea08ec_like ON public.auth_group USING btree (name varchar_pattern_ops);


--
-- Name: auth_group_permissions_group_id_b120cbf9; Type: INDEX; Schema: public; Owner: kous
--

CREATE INDEX auth_group_permissions_group_id_b120cbf9 ON public.auth_group_permissions USING btree (group_id);


--
-- Name: auth_group_permissions_permission_id_84c5c92e; Type: INDEX; Schema: public; Owner: kous
--

CREATE INDEX auth_group_permissions_permission_id_84c5c92e ON public.auth_group_permissions USING btree (permission_id);


--
-- Name: auth_permission_content_type_id_2f476e4b; Type: INDEX; Schema: public; Owner: kous
--

CREATE INDEX auth_permission_content_type_id_2f476e4b ON public.auth_permission USING btree (content_type_id);


--
-- Name: auth_user_groups_group_id_97559544; Type: INDEX; Schema: public; Owner: kous
--

CREATE INDEX auth_user_groups_group_id_97559544 ON public.auth_user_groups USING btree (group_id);


--
-- Name: auth_user_groups_user_id_6a12ed8b; Type: INDEX; Schema: public; Owner: kous
--

CREATE INDEX auth_user_groups_user_id_6a12ed8b ON public.auth_user_groups USING btree (user_id);


--
-- Name: auth_user_user_permissions_permission_id_1fbb5f2c; Type: INDEX; Schema: public; Owner: kous
--

CREATE INDEX auth_user_user_permissions_permission_id_1fbb5f2c ON public.auth_user_user_permissions USING btree (permission_id);


--
-- Name: auth_user_user_permissions_user_id_a95ead1b; Type: INDEX; Schema: public; Owner: kous
--

CREATE INDEX auth_user_user_permissions_user_id_a95ead1b ON public.auth_user_user_permissions USING btree (user_id);


--
-- Name: auth_user_username_6821ab7c_like; Type: INDEX; Schema: public; Owner: kous
--

CREATE INDEX auth_user_username_6821ab7c_like ON public.auth_user USING btree (username varchar_pattern_ops);


--
-- Name: boutique_categorie_produit_cat_mere_id_d4095d20; Type: INDEX; Schema: public; Owner: kous
--

CREATE INDEX boutique_categorie_produit_cat_mere_id_d4095d20 ON public.boutique_categorie_produit USING btree (cat_mere_id);


--
-- Name: boutique_produit_cat_id_83921821; Type: INDEX; Schema: public; Owner: kous
--

CREATE INDEX boutique_produit_cat_id_83921821 ON public.boutique_produit USING btree (cat_id);


--
-- Name: boutique_produit_producteur_id_aa964008; Type: INDEX; Schema: public; Owner: kous
--

CREATE INDEX boutique_produit_producteur_id_aa964008 ON public.boutique_produit USING btree (producteur_id);


--
-- Name: boutique_produit_type_prix_id_dc618dee; Type: INDEX; Schema: public; Owner: kous
--

CREATE INDEX boutique_produit_type_prix_id_dc618dee ON public.boutique_produit USING btree (type_prix_id);


--
-- Name: django_admin_log_content_type_id_c4bce8eb; Type: INDEX; Schema: public; Owner: kous
--

CREATE INDEX django_admin_log_content_type_id_c4bce8eb ON public.django_admin_log USING btree (content_type_id);


--
-- Name: django_admin_log_user_id_c564eba6; Type: INDEX; Schema: public; Owner: kous
--

CREATE INDEX django_admin_log_user_id_c564eba6 ON public.django_admin_log USING btree (user_id);


--
-- Name: django_session_expire_date_a5c62663; Type: INDEX; Schema: public; Owner: kous
--

CREATE INDEX django_session_expire_date_a5c62663 ON public.django_session USING btree (expire_date);


--
-- Name: django_session_session_key_c0390e0f_like; Type: INDEX; Schema: public; Owner: kous
--

CREATE INDEX django_session_session_key_c0390e0f_like ON public.django_session USING btree (session_key varchar_pattern_ops);


--
-- Name: auth_group_permissions auth_group_permissio_permission_id_84c5c92e_fk_auth_perm; Type: FK CONSTRAINT; Schema: public; Owner: kous
--

ALTER TABLE ONLY public.auth_group_permissions
    ADD CONSTRAINT auth_group_permissio_permission_id_84c5c92e_fk_auth_perm FOREIGN KEY (permission_id) REFERENCES public.auth_permission(id) DEFERRABLE INITIALLY DEFERRED;


--
-- Name: auth_group_permissions auth_group_permissions_group_id_b120cbf9_fk_auth_group_id; Type: FK CONSTRAINT; Schema: public; Owner: kous
--

ALTER TABLE ONLY public.auth_group_permissions
    ADD CONSTRAINT auth_group_permissions_group_id_b120cbf9_fk_auth_group_id FOREIGN KEY (group_id) REFERENCES public.auth_group(id) DEFERRABLE INITIALLY DEFERRED;


--
-- Name: auth_permission auth_permission_content_type_id_2f476e4b_fk_django_co; Type: FK CONSTRAINT; Schema: public; Owner: kous
--

ALTER TABLE ONLY public.auth_permission
    ADD CONSTRAINT auth_permission_content_type_id_2f476e4b_fk_django_co FOREIGN KEY (content_type_id) REFERENCES public.django_content_type(id) DEFERRABLE INITIALLY DEFERRED;


--
-- Name: auth_user_groups auth_user_groups_group_id_97559544_fk_auth_group_id; Type: FK CONSTRAINT; Schema: public; Owner: kous
--

ALTER TABLE ONLY public.auth_user_groups
    ADD CONSTRAINT auth_user_groups_group_id_97559544_fk_auth_group_id FOREIGN KEY (group_id) REFERENCES public.auth_group(id) DEFERRABLE INITIALLY DEFERRED;


--
-- Name: auth_user_groups auth_user_groups_user_id_6a12ed8b_fk_auth_user_id; Type: FK CONSTRAINT; Schema: public; Owner: kous
--

ALTER TABLE ONLY public.auth_user_groups
    ADD CONSTRAINT auth_user_groups_user_id_6a12ed8b_fk_auth_user_id FOREIGN KEY (user_id) REFERENCES public.auth_user(id) DEFERRABLE INITIALLY DEFERRED;


--
-- Name: auth_user_user_permissions auth_user_user_permi_permission_id_1fbb5f2c_fk_auth_perm; Type: FK CONSTRAINT; Schema: public; Owner: kous
--

ALTER TABLE ONLY public.auth_user_user_permissions
    ADD CONSTRAINT auth_user_user_permi_permission_id_1fbb5f2c_fk_auth_perm FOREIGN KEY (permission_id) REFERENCES public.auth_permission(id) DEFERRABLE INITIALLY DEFERRED;


--
-- Name: auth_user_user_permissions auth_user_user_permissions_user_id_a95ead1b_fk_auth_user_id; Type: FK CONSTRAINT; Schema: public; Owner: kous
--

ALTER TABLE ONLY public.auth_user_user_permissions
    ADD CONSTRAINT auth_user_user_permissions_user_id_a95ead1b_fk_auth_user_id FOREIGN KEY (user_id) REFERENCES public.auth_user(id) DEFERRABLE INITIALLY DEFERRED;


--
-- Name: boutique_categorie_produit boutique_categorie_p_cat_mere_id_d4095d20_fk_boutique_; Type: FK CONSTRAINT; Schema: public; Owner: kous
--

ALTER TABLE ONLY public.boutique_categorie_produit
    ADD CONSTRAINT boutique_categorie_p_cat_mere_id_d4095d20_fk_boutique_ FOREIGN KEY (cat_mere_id) REFERENCES public.boutique_categorie_mere(id) DEFERRABLE INITIALLY DEFERRED;


--
-- Name: boutique_produit boutique_produit_cat_id_83921821_fk_boutique_; Type: FK CONSTRAINT; Schema: public; Owner: kous
--

ALTER TABLE ONLY public.boutique_produit
    ADD CONSTRAINT boutique_produit_cat_id_83921821_fk_boutique_ FOREIGN KEY (cat_id) REFERENCES public.boutique_categorie_produit(id) DEFERRABLE INITIALLY DEFERRED;


--
-- Name: boutique_produit boutique_produit_producteur_id_aa964008_fk_boutique_; Type: FK CONSTRAINT; Schema: public; Owner: kous
--

ALTER TABLE ONLY public.boutique_produit
    ADD CONSTRAINT boutique_produit_producteur_id_aa964008_fk_boutique_ FOREIGN KEY (producteur_id) REFERENCES public.boutique_producteur(id) DEFERRABLE INITIALLY DEFERRED;


--
-- Name: boutique_produit boutique_produit_type_prix_id_dc618dee_fk_boutique_; Type: FK CONSTRAINT; Schema: public; Owner: kous
--

ALTER TABLE ONLY public.boutique_produit
    ADD CONSTRAINT boutique_produit_type_prix_id_dc618dee_fk_boutique_ FOREIGN KEY (type_prix_id) REFERENCES public.boutique_type_de_prix(id) DEFERRABLE INITIALLY DEFERRED;


--
-- Name: django_admin_log django_admin_log_content_type_id_c4bce8eb_fk_django_co; Type: FK CONSTRAINT; Schema: public; Owner: kous
--

ALTER TABLE ONLY public.django_admin_log
    ADD CONSTRAINT django_admin_log_content_type_id_c4bce8eb_fk_django_co FOREIGN KEY (content_type_id) REFERENCES public.django_content_type(id) DEFERRABLE INITIALLY DEFERRED;


--
-- Name: django_admin_log django_admin_log_user_id_c564eba6_fk_auth_user_id; Type: FK CONSTRAINT; Schema: public; Owner: kous
--

ALTER TABLE ONLY public.django_admin_log
    ADD CONSTRAINT django_admin_log_user_id_c564eba6_fk_auth_user_id FOREIGN KEY (user_id) REFERENCES public.auth_user(id) DEFERRABLE INITIALLY DEFERRED;


--
-- PostgreSQL database dump complete
--

